{"cameraMode":{"drawMode":0,"name":"Shaded","section":"Shading Mode"},"sceneLighting":false,"audioPlay":false,"sceneViewState":{"m_AlwaysRefresh":false,"showFog":true,"showSkybox":false,"showFlares":true,"showImageEffects":true,"showParticleSystems":true,"showVisualEffectGraphs":true,"m_FxEnabled":true},"in2DMode":false,"pivot":{"x":0.17343854904174806,"y":0.769292950630188,"z":-0.25520193576812746},"rotation":{"x":0.33182865381240847,"y":-0.15191051363945008,"z":0.0542202852666378,"w":0.9294854998588562},"size":9.517614364624024,"orthographic":false}