{"cameraMode":{"drawMode":0,"name":"Shaded","section":"Shading Mode"},"sceneLighting":true,"audioPlay":false,"sceneViewState":{"m_AlwaysRefresh":false,"showFog":true,"showSkybox":true,"showFlares":true,"showImageEffects":true,"showParticleSystems":true,"showVisualEffectGraphs":true,"m_FxEnabled":true},"in2DMode":false,"pivot":{"x":-26.806411743164064,"y":2.1388752460479738,"z":52.8385124206543},"rotation":{"x":-0.018546301871538163,"y":-0.07641221582889557,"z":-0.0014215580886229873,"w":0.996902585029602},"size":10.159892082214356,"orthographic":false}